page_num,image_count,images
1,1,page_1_1.jpg
2,3,"page_2_1.jpg, page_2_2.jpg, page_2_3.jpg"
3,3,"page_3_1.jpg, page_3_2.jpg, page_3_3.jpg"
4,19,"page_4_1.jpg, page_4_2.jpg, page_4_3.jpg, page_4_4.jpg, page_4_5.jpg, page_4_6.jpg, page_4_7.jpg, page_4_8.jpg, page_4_9.jpg, page_4_10.jpg, page_4_11.jpg, page_4_12.jpg, page_4_13.jpg, page_4_14.jpg, page_4_15.jpg, page_4_16.jpg, page_4_17.jpg, page_4_18.jpg, page_4_19.jpg"
5,14,"page_5_1.jpg, page_5_2.jpg, page_5_3.jpg, page_5_4.jpg, page_5_5.jpg, page_5_6.jpg, page_5_7.jpg, page_5_8.jpg, page_5_9.jpg, page_5_10.jpg, page_5_11.jpg, page_5_12.jpg, page_5_13.jpg, page_5_14.jpg"
6,10,"page_6_1.jpg, page_6_2.jpg, page_6_3.jpg, page_6_4.jpg, page_6_5.jpg, page_6_6.jpg, page_6_7.jpg, page_6_8.jpg, page_6_9.jpg, page_6_10.jpg"
7,14,"page_7_1.jpg, page_7_2.jpg, page_7_3.jpg, page_7_4.jpg, page_7_5.jpg, page_7_6.jpg, page_7_7.jpg, page_7_8.jpg, page_7_9.jpg, page_7_10.jpg, page_7_11.jpg, page_7_12.jpg, page_7_13.jpg, page_7_14.jpg"
8,10,"page_8_1.jpg, page_8_2.jpg, page_8_3.jpg, page_8_4.jpg, page_8_5.jpg, page_8_6.jpg, page_8_7.jpg, page_8_8.jpg, page_8_9.jpg, page_8_10.jpg"
9,5,"page_9_1.jpg, page_9_2.jpg, page_9_3.jpg, page_9_4.jpg, page_9_5.jpg"
10,5,"page_10_1.jpg, page_10_2.jpg, page_10_3.jpg, page_10_4.jpg, page_10_5.jpg"
11,5,"page_11_1.jpg, page_11_2.jpg, page_11_3.jpg, page_11_4.jpg, page_11_5.jpg"
12,5,"page_12_1.jpg, page_12_2.jpg, page_12_3.jpg, page_12_4.jpg, page_12_5.jpg"
13,5,"page_13_1.jpg, page_13_2.jpg, page_13_3.jpg, page_13_4.jpg, page_13_5.jpg"
14,5,"page_14_1.jpg, page_14_2.jpg, page_14_3.jpg, page_14_4.jpg, page_14_5.jpg"
15,6,"page_15_1.jpg, page_15_2.jpg, page_15_3.jpg, page_15_4.jpg, page_15_5.jpg, page_15_6.jpg"
16,6,"page_16_1.jpg, page_16_2.jpg, page_16_3.jpg, page_16_4.jpg, page_16_5.jpg, page_16_6.jpg"
17,5,"page_17_1.jpg, page_17_2.jpg, page_17_3.jpg, page_17_4.jpg, page_17_5.jpg"
18,5,"page_18_1.jpg, page_18_2.jpg, page_18_3.jpg, page_18_4.jpg, page_18_5.jpg"
19,5,"page_19_1.jpg, page_19_2.jpg, page_19_3.jpg, page_19_4.jpg, page_19_5.jpg"
20,5,"page_20_1.jpg, page_20_2.jpg, page_20_3.jpg, page_20_4.jpg, page_20_5.jpg"
21,5,"page_21_1.jpg, page_21_2.jpg, page_21_3.jpg, page_21_4.jpg, page_21_5.jpg"
22,5,"page_22_1.jpg, page_22_2.jpg, page_22_3.jpg, page_22_4.jpg, page_22_5.jpg"
23,5,"page_23_1.jpg, page_23_2.jpg, page_23_3.jpg, page_23_4.jpg, page_23_5.jpg"
24,5,"page_24_1.jpg, page_24_2.jpg, page_24_3.jpg, page_24_4.jpg, page_24_5.jpg"
25,6,"page_25_1.jpg, page_25_2.jpg, page_25_3.jpg, page_25_4.jpg, page_25_5.jpg, page_25_6.jpg"
26,6,"page_26_1.jpg, page_26_2.jpg, page_26_3.jpg, page_26_4.jpg, page_26_5.jpg, page_26_6.jpg"
27,5,"page_27_1.jpg, page_27_2.jpg, page_27_3.jpg, page_27_4.jpg, page_27_5.jpg"
28,5,"page_28_1.jpg, page_28_2.jpg, page_28_3.jpg, page_28_4.jpg, page_28_5.jpg"
29,5,"page_29_1.jpg, page_29_2.jpg, page_29_3.jpg, page_29_4.jpg, page_29_5.jpg"
30,5,"page_30_1.jpg, page_30_2.jpg, page_30_3.jpg, page_30_4.jpg, page_30_5.jpg"
31,5,"page_31_1.jpg, page_31_2.jpg, page_31_3.jpg, page_31_4.jpg, page_31_5.jpg"
32,5,"page_32_1.jpg, page_32_2.jpg, page_32_3.jpg, page_32_4.jpg, page_32_5.jpg"
33,5,"page_33_1.jpg, page_33_2.jpg, page_33_3.jpg, page_33_4.jpg, page_33_5.jpg"
34,5,"page_34_1.jpg, page_34_2.jpg, page_34_3.jpg, page_34_4.jpg, page_34_5.jpg"
35,5,"page_35_1.jpg, page_35_2.jpg, page_35_3.jpg, page_35_4.jpg, page_35_5.jpg"
36,5,"page_36_1.jpg, page_36_2.jpg, page_36_3.jpg, page_36_4.jpg, page_36_5.jpg"
37,5,"page_37_1.jpg, page_37_2.jpg, page_37_3.jpg, page_37_4.jpg, page_37_5.jpg"
38,5,"page_38_1.jpg, page_38_2.jpg, page_38_3.jpg, page_38_4.jpg, page_38_5.jpg"
39,5,"page_39_1.jpg, page_39_2.jpg, page_39_3.jpg, page_39_4.jpg, page_39_5.jpg"
40,5,"page_40_1.jpg, page_40_2.jpg, page_40_3.jpg, page_40_4.jpg, page_40_5.jpg"
41,5,"page_41_1.jpg, page_41_2.jpg, page_41_3.jpg, page_41_4.jpg, page_41_5.jpg"
42,5,"page_42_1.jpg, page_42_2.jpg, page_42_3.jpg, page_42_4.jpg, page_42_5.jpg"
43,6,"page_43_1.jpg, page_43_2.jpg, page_43_3.jpg, page_43_4.jpg, page_43_5.jpg, page_43_6.jpg"
44,6,"page_44_1.jpg, page_44_2.jpg, page_44_3.jpg, page_44_4.jpg, page_44_5.jpg, page_44_6.jpg"
45,5,"page_45_1.jpg, page_45_2.jpg, page_45_3.jpg, page_45_4.jpg, page_45_5.jpg"
46,5,"page_46_1.jpg, page_46_2.jpg, page_46_3.jpg, page_46_4.jpg, page_46_5.jpg"
47,4,"page_47_1.jpg, page_47_2.jpg, page_47_3.jpg, page_47_4.jpg"
48,4,"page_48_1.jpg, page_48_2.jpg, page_48_3.jpg, page_48_4.jpg"
49,5,"page_49_1.jpg, page_49_2.jpg, page_49_3.jpg, page_49_4.jpg, page_49_5.jpg"
50,5,"page_50_1.jpg, page_50_2.jpg, page_50_3.jpg, page_50_4.jpg, page_50_5.jpg"
51,5,"page_51_1.jpg, page_51_2.jpg, page_51_3.jpg, page_51_4.jpg, page_51_5.jpg"
52,5,"page_52_1.jpg, page_52_2.jpg, page_52_3.jpg, page_52_4.jpg, page_52_5.jpg"
53,5,"page_53_1.jpg, page_53_2.jpg, page_53_3.jpg, page_53_4.jpg, page_53_5.jpg"
54,5,"page_54_1.jpg, page_54_2.jpg, page_54_3.jpg, page_54_4.jpg, page_54_5.jpg"
55,6,"page_55_1.jpg, page_55_2.jpg, page_55_3.jpg, page_55_4.jpg, page_55_5.jpg, page_55_6.jpg"
56,6,"page_56_1.jpg, page_56_2.jpg, page_56_3.jpg, page_56_4.jpg, page_56_5.jpg, page_56_6.jpg"
57,3,"page_57_1.jpg, page_57_2.jpg, page_57_3.jpg"
58,3,"page_58_1.jpg, page_58_2.jpg, page_58_3.jpg"
59,38,"page_59_1.jpg, page_59_2.jpg, page_59_3.jpg, page_59_4.jpg, page_59_5.jpg, page_59_6.jpg, page_59_7.jpg, page_59_8.jpg, page_59_9.jpg, page_59_10.jpg, page_59_11.jpg, page_59_12.jpg, page_59_13.jpg, page_59_14.jpg, page_59_15.jpg, page_59_16.jpg, page_59_17.jpg, page_59_18.jpg, page_59_19.jpg, page_59_20.jpg, page_59_21.jpg, page_59_22.jpg, page_59_23.jpg, page_59_24.jpg, page_59_25.jpg, page_59_26.jpg, page_59_27.jpg, page_59_28.jpg, page_59_29.jpg, page_59_30.jpg, page_59_31.jpg, page_59_32.jpg, page_59_33.jpg, page_59_34.jpg, page_59_35.jpg, page_59_36.jpg, page_59_37.jpg, page_59_38.jpg"
60,27,"page_60_1.jpg, page_60_2.jpg, page_60_3.jpg, page_60_4.jpg, page_60_5.jpg, page_60_6.jpg, page_60_7.jpg, page_60_8.jpg, page_60_9.jpg, page_60_10.jpg, page_60_11.jpg, page_60_12.jpg, page_60_13.jpg, page_60_14.jpg, page_60_15.jpg, page_60_16.jpg, page_60_17.jpg, page_60_18.jpg, page_60_19.jpg, page_60_20.jpg, page_60_21.jpg, page_60_22.jpg, page_60_23.jpg, page_60_24.jpg, page_60_25.jpg, page_60_26.jpg, page_60_27.jpg"
61,23,"page_61_1.jpg, page_61_2.jpg, page_61_3.jpg, page_61_4.jpg, page_61_5.jpg, page_61_6.jpg, page_61_7.jpg, page_61_8.jpg, page_61_9.jpg, page_61_10.jpg, page_61_11.jpg, page_61_12.jpg, page_61_13.jpg, page_61_14.jpg, page_61_15.jpg, page_61_16.jpg, page_61_17.jpg, page_61_18.jpg, page_61_19.jpg, page_61_20.jpg, page_61_21.jpg, page_61_22.jpg, page_61_23.jpg"
62,18,"page_62_1.jpg, page_62_2.jpg, page_62_3.jpg, page_62_4.jpg, page_62_5.jpg, page_62_6.jpg, page_62_7.jpg, page_62_8.jpg, page_62_9.jpg, page_62_10.jpg, page_62_11.jpg, page_62_12.jpg, page_62_13.jpg, page_62_14.jpg, page_62_15.jpg, page_62_16.jpg, page_62_17.jpg, page_62_18.jpg"
63,55,"page_63_1.jpg, page_63_2.jpg, page_63_3.jpg, page_63_4.jpg, page_63_5.jpg, page_63_6.jpg, page_63_7.jpg, page_63_8.jpg, page_63_9.jpg, page_63_10.jpg, page_63_11.jpg, page_63_12.jpg, page_63_13.jpg, page_63_14.jpg, page_63_15.jpg, page_63_16.jpg, page_63_17.jpg, page_63_18.jpg, page_63_19.jpg, page_63_20.jpg, page_63_21.jpg, page_63_22.jpg, page_63_23.jpg, page_63_24.jpg, page_63_25.jpg, page_63_26.jpg, page_63_27.jpg, page_63_28.jpg, page_63_29.jpg, page_63_30.jpg, page_63_31.jpg, page_63_32.jpg, page_63_33.jpg, page_63_34.jpg, page_63_35.jpg, page_63_36.jpg, page_63_37.jpg, page_63_38.jpg, page_63_39.jpg, page_63_40.jpg, page_63_41.jpg, page_63_42.jpg, page_63_43.jpg, page_63_44.jpg, page_63_45.jpg, page_63_46.jpg, page_63_47.jpg, page_63_48.jpg, page_63_49.jpg, page_63_50.jpg, page_63_51.jpg, page_63_52.jpg, page_63_53.jpg, page_63_54.jpg, page_63_55.jpg"
64,60,"page_64_1.jpg, page_64_2.jpg, page_64_3.jpg, page_64_4.jpg, page_64_5.jpg, page_64_6.jpg, page_64_7.jpg, page_64_8.jpg, page_64_9.jpg, page_64_10.jpg, page_64_11.jpg, page_64_12.jpg, page_64_13.jpg, page_64_14.jpg, page_64_15.jpg, page_64_16.jpg, page_64_17.jpg, page_64_18.jpg, page_64_19.jpg, page_64_20.jpg, page_64_21.jpg, page_64_22.jpg, page_64_23.jpg, page_64_24.jpg, page_64_25.jpg, page_64_26.jpg, page_64_27.jpg, page_64_28.jpg, page_64_29.jpg, page_64_30.jpg, page_64_31.jpg, page_64_32.jpg, page_64_33.jpg, page_64_34.jpg, page_64_35.jpg, page_64_36.jpg, page_64_37.jpg, page_64_38.jpg, page_64_39.jpg, page_64_40.jpg, page_64_41.jpg, page_64_42.jpg, page_64_43.jpg, page_64_44.jpg, page_64_45.jpg, page_64_46.jpg, page_64_47.jpg, page_64_48.jpg, page_64_49.jpg, page_64_50.jpg, page_64_51.jpg, page_64_52.jpg, page_64_53.jpg, page_64_54.jpg, page_64_55.jpg, page_64_56.jpg, page_64_57.jpg, page_64_58.jpg, page_64_59.jpg, page_64_60.jpg"
65,31,"page_65_1.jpg, page_65_2.jpg, page_65_3.jpg, page_65_4.jpg, page_65_5.jpg, page_65_6.jpg, page_65_7.jpg, page_65_8.jpg, page_65_9.jpg, page_65_10.jpg, page_65_11.jpg, page_65_12.jpg, page_65_13.jpg, page_65_14.jpg, page_65_15.jpg, page_65_16.jpg, page_65_17.jpg, page_65_18.jpg, page_65_19.jpg, page_65_20.jpg, page_65_21.jpg, page_65_22.jpg, page_65_23.jpg, page_65_24.jpg, page_65_25.jpg, page_65_26.jpg, page_65_27.jpg, page_65_28.jpg, page_65_29.jpg, page_65_30.jpg, page_65_31.jpg"
66,48,"page_66_1.jpg, page_66_2.jpg, page_66_3.jpg, page_66_4.jpg, page_66_5.jpg, page_66_6.jpg, page_66_7.jpg, page_66_8.jpg, page_66_9.jpg, page_66_10.jpg, page_66_11.jpg, page_66_12.jpg, page_66_13.jpg, page_66_14.jpg, page_66_15.jpg, page_66_16.jpg, page_66_17.jpg, page_66_18.jpg, page_66_19.jpg, page_66_20.jpg, page_66_21.jpg, page_66_22.jpg, page_66_23.jpg, page_66_24.jpg, page_66_25.jpg, page_66_26.jpg, page_66_27.jpg, page_66_28.jpg, page_66_29.jpg, page_66_30.jpg, page_66_31.jpg, page_66_32.jpg, page_66_33.jpg, page_66_34.jpg, page_66_35.jpg, page_66_36.jpg, page_66_37.jpg, page_66_38.jpg, page_66_39.jpg, page_66_40.jpg, page_66_41.jpg, page_66_42.jpg, page_66_43.jpg, page_66_44.jpg, page_66_45.jpg, page_66_46.jpg, page_66_47.jpg, page_66_48.jpg"
67,17,"page_67_1.jpg, page_67_2.jpg, page_67_3.jpg, page_67_4.jpg, page_67_5.jpg, page_67_6.jpg, page_67_7.jpg, page_67_8.jpg, page_67_9.jpg, page_67_10.jpg, page_67_11.jpg, page_67_12.jpg, page_67_13.jpg, page_67_14.jpg, page_67_15.jpg, page_67_16.jpg, page_67_17.jpg"
68,36,"page_68_1.jpg, page_68_2.jpg, page_68_3.jpg, page_68_4.jpg, page_68_5.jpg, page_68_6.jpg, page_68_7.jpg, page_68_8.jpg, page_68_9.jpg, page_68_10.jpg, page_68_11.jpg, page_68_12.jpg, page_68_13.jpg, page_68_14.jpg, page_68_15.jpg, page_68_16.jpg, page_68_17.jpg, page_68_18.jpg, page_68_19.jpg, page_68_20.jpg, page_68_21.jpg, page_68_22.jpg, page_68_23.jpg, page_68_24.jpg, page_68_25.jpg, page_68_26.jpg, page_68_27.jpg, page_68_28.jpg, page_68_29.jpg, page_68_30.jpg, page_68_31.jpg, page_68_32.jpg, page_68_33.jpg, page_68_34.jpg, page_68_35.jpg, page_68_36.jpg"
69,25,"page_69_1.jpg, page_69_2.jpg, page_69_3.jpg, page_69_4.jpg, page_69_5.jpg, page_69_6.jpg, page_69_7.jpg, page_69_8.jpg, page_69_9.jpg, page_69_10.jpg, page_69_11.jpg, page_69_12.jpg, page_69_13.jpg, page_69_14.jpg, page_69_15.jpg, page_69_16.jpg, page_69_17.jpg, page_69_18.jpg, page_69_19.jpg, page_69_20.jpg, page_69_21.jpg, page_69_22.jpg, page_69_23.jpg, page_69_24.jpg, page_69_25.jpg"
70,24,"page_70_1.jpg, page_70_2.jpg, page_70_3.jpg, page_70_4.jpg, page_70_5.jpg, page_70_6.jpg, page_70_7.jpg, page_70_8.jpg, page_70_9.jpg, page_70_10.jpg, page_70_11.jpg, page_70_12.jpg, page_70_13.jpg, page_70_14.jpg, page_70_15.jpg, page_70_16.jpg, page_70_17.jpg, page_70_18.jpg, page_70_19.jpg, page_70_20.jpg, page_70_21.jpg, page_70_22.jpg, page_70_23.jpg, page_70_24.jpg"
71,19,"page_71_1.jpg, page_71_2.jpg, page_71_3.jpg, page_71_4.jpg, page_71_5.jpg, page_71_6.jpg, page_71_7.jpg, page_71_8.jpg, page_71_9.jpg, page_71_10.jpg, page_71_11.jpg, page_71_12.jpg, page_71_13.jpg, page_71_14.jpg, page_71_15.jpg, page_71_16.jpg, page_71_17.jpg, page_71_18.jpg, page_71_19.jpg"
72,18,"page_72_1.jpg, page_72_2.jpg, page_72_3.jpg, page_72_4.jpg, page_72_5.jpg, page_72_6.jpg, page_72_7.jpg, page_72_8.jpg, page_72_9.jpg, page_72_10.jpg, page_72_11.jpg, page_72_12.jpg, page_72_13.jpg, page_72_14.jpg, page_72_15.jpg, page_72_16.jpg, page_72_17.jpg, page_72_18.jpg"
73,19,"page_73_1.jpg, page_73_2.jpg, page_73_3.jpg, page_73_4.jpg, page_73_5.jpg, page_73_6.jpg, page_73_7.jpg, page_73_8.jpg, page_73_9.jpg, page_73_10.jpg, page_73_11.jpg, page_73_12.jpg, page_73_13.jpg, page_73_14.jpg, page_73_15.jpg, page_73_16.jpg, page_73_17.jpg, page_73_18.jpg, page_73_19.jpg"
74,14,"page_74_1.jpg, page_74_2.jpg, page_74_3.jpg, page_74_4.jpg, page_74_5.jpg, page_74_6.jpg, page_74_7.jpg, page_74_8.jpg, page_74_9.jpg, page_74_10.jpg, page_74_11.jpg, page_74_12.jpg, page_74_13.jpg, page_74_14.jpg"
75,46,"page_75_1.jpg, page_75_2.jpg, page_75_3.jpg, page_75_4.jpg, page_75_5.jpg, page_75_6.jpg, page_75_7.jpg, page_75_8.jpg, page_75_9.jpg, page_75_10.jpg, page_75_11.jpg, page_75_12.jpg, page_75_13.jpg, page_75_14.jpg, page_75_15.jpg, page_75_16.jpg, page_75_17.jpg, page_75_18.jpg, page_75_19.jpg, page_75_20.jpg, page_75_21.jpg, page_75_22.jpg, page_75_23.jpg, page_75_24.jpg, page_75_25.jpg, page_75_26.jpg, page_75_27.jpg, page_75_28.jpg, page_75_29.jpg, page_75_30.jpg, page_75_31.jpg, page_75_32.jpg, page_75_33.jpg, page_75_34.jpg, page_75_35.jpg, page_75_36.jpg, page_75_37.jpg, page_75_38.jpg, page_75_39.jpg, page_75_40.jpg, page_75_41.jpg, page_75_42.jpg, page_75_43.jpg, page_75_44.jpg, page_75_45.jpg, page_75_46.jpg"
76,47,"page_76_1.jpg, page_76_2.jpg, page_76_3.jpg, page_76_4.jpg, page_76_5.jpg, page_76_6.jpg, page_76_7.jpg, page_76_8.jpg, page_76_9.jpg, page_76_10.jpg, page_76_11.jpg, page_76_12.jpg, page_76_13.jpg, page_76_14.jpg, page_76_15.jpg, page_76_16.jpg, page_76_17.jpg, page_76_18.jpg, page_76_19.jpg, page_76_20.jpg, page_76_21.jpg, page_76_22.jpg, page_76_23.jpg, page_76_24.jpg, page_76_25.jpg, page_76_26.jpg, page_76_27.jpg, page_76_28.jpg, page_76_29.jpg, page_76_30.jpg, page_76_31.jpg, page_76_32.jpg, page_76_33.jpg, page_76_34.jpg, page_76_35.jpg, page_76_36.jpg, page_76_37.jpg, page_76_38.jpg, page_76_39.jpg, page_76_40.jpg, page_76_41.jpg, page_76_42.jpg, page_76_43.jpg, page_76_44.jpg, page_76_45.jpg, page_76_46.jpg, page_76_47.jpg"
77,55,"page_77_1.jpg, page_77_2.jpg, page_77_3.jpg, page_77_4.jpg, page_77_5.jpg, page_77_6.jpg, page_77_7.jpg, page_77_8.jpg, page_77_9.jpg, page_77_10.jpg, page_77_11.jpg, page_77_12.jpg, page_77_13.jpg, page_77_14.jpg, page_77_15.jpg, page_77_16.jpg, page_77_17.jpg, page_77_18.jpg, page_77_19.jpg, page_77_20.jpg, page_77_21.jpg, page_77_22.jpg, page_77_23.jpg, page_77_24.jpg, page_77_25.jpg, page_77_26.jpg, page_77_27.jpg, page_77_28.jpg, page_77_29.jpg, page_77_30.jpg, page_77_31.jpg, page_77_32.jpg, page_77_33.jpg, page_77_34.jpg, page_77_35.jpg, page_77_36.jpg, page_77_37.jpg, page_77_38.jpg, page_77_39.jpg, page_77_40.jpg, page_77_41.jpg, page_77_42.jpg, page_77_43.jpg, page_77_44.jpg, page_77_45.jpg, page_77_46.jpg, page_77_47.jpg, page_77_48.jpg, page_77_49.jpg, page_77_50.jpg, page_77_51.jpg, page_77_52.jpg, page_77_53.jpg, page_77_54.jpg, page_77_55.jpg"
78,13,"page_78_1.jpg, page_78_2.jpg, page_78_3.jpg, page_78_4.jpg, page_78_5.jpg, page_78_6.jpg, page_78_7.jpg, page_78_8.jpg, page_78_9.jpg, page_78_10.jpg, page_78_11.jpg, page_78_12.jpg, page_78_13.jpg"
79,28,"page_79_1.jpg, page_79_2.jpg, page_79_3.jpg, page_79_4.jpg, page_79_5.jpg, page_79_6.jpg, page_79_7.jpg, page_79_8.jpg, page_79_9.jpg, page_79_10.jpg, page_79_11.jpg, page_79_12.jpg, page_79_13.jpg, page_79_14.jpg, page_79_15.jpg, page_79_16.jpg, page_79_17.jpg, page_79_18.jpg, page_79_19.jpg, page_79_20.jpg, page_79_21.jpg, page_79_22.jpg, page_79_23.jpg, page_79_24.jpg, page_79_25.jpg, page_79_26.jpg, page_79_27.jpg, page_79_28.jpg"
80,24,"page_80_1.jpg, page_80_2.jpg, page_80_3.jpg, page_80_4.jpg, page_80_5.jpg, page_80_6.jpg, page_80_7.jpg, page_80_8.jpg, page_80_9.jpg, page_80_10.jpg, page_80_11.jpg, page_80_12.jpg, page_80_13.jpg, page_80_14.jpg, page_80_15.jpg, page_80_16.jpg, page_80_17.jpg, page_80_18.jpg, page_80_19.jpg, page_80_20.jpg, page_80_21.jpg, page_80_22.jpg, page_80_23.jpg, page_80_24.jpg"
81,28,"page_81_1.jpg, page_81_2.jpg, page_81_3.jpg, page_81_4.jpg, page_81_5.jpg, page_81_6.jpg, page_81_7.jpg, page_81_8.jpg, page_81_9.jpg, page_81_10.jpg, page_81_11.jpg, page_81_12.jpg, page_81_13.jpg, page_81_14.jpg, page_81_15.jpg, page_81_16.jpg, page_81_17.jpg, page_81_18.jpg, page_81_19.jpg, page_81_20.jpg, page_81_21.jpg, page_81_22.jpg, page_81_23.jpg, page_81_24.jpg, page_81_25.jpg, page_81_26.jpg, page_81_27.jpg, page_81_28.jpg"
82,19,"page_82_1.jpg, page_82_2.jpg, page_82_3.jpg, page_82_4.jpg, page_82_5.jpg, page_82_6.jpg, page_82_7.jpg, page_82_8.jpg, page_82_9.jpg, page_82_10.jpg, page_82_11.jpg, page_82_12.jpg, page_82_13.jpg, page_82_14.jpg, page_82_15.jpg, page_82_16.jpg, page_82_17.jpg, page_82_18.jpg, page_82_19.jpg"
83,12,"page_83_1.jpg, page_83_2.jpg, page_83_3.jpg, page_83_4.jpg, page_83_5.jpg, page_83_6.jpg, page_83_7.jpg, page_83_8.jpg, page_83_9.jpg, page_83_10.jpg, page_83_11.jpg, page_83_12.jpg"
84,10,"page_84_1.jpg, page_84_2.jpg, page_84_3.jpg, page_84_4.jpg, page_84_5.jpg, page_84_6.jpg, page_84_7.jpg, page_84_8.jpg, page_84_9.jpg, page_84_10.jpg"
85,60,"page_85_1.jpg, page_85_2.jpg, page_85_3.jpg, page_85_4.jpg, page_85_5.jpg, page_85_6.jpg, page_85_7.jpg, page_85_8.jpg, page_85_9.jpg, page_85_10.jpg, page_85_11.jpg, page_85_12.jpg, page_85_13.jpg, page_85_14.jpg, page_85_15.jpg, page_85_16.jpg, page_85_17.jpg, page_85_18.jpg, page_85_19.jpg, page_85_20.jpg, page_85_21.jpg, page_85_22.jpg, page_85_23.jpg, page_85_24.jpg, page_85_25.jpg, page_85_26.jpg, page_85_27.jpg, page_85_28.jpg, page_85_29.jpg, page_85_30.jpg, page_85_31.jpg, page_85_32.jpg, page_85_33.jpg, page_85_34.jpg, page_85_35.jpg, page_85_36.jpg, page_85_37.jpg, page_85_38.jpg, page_85_39.jpg, page_85_40.jpg, page_85_41.jpg, page_85_42.jpg, page_85_43.jpg, page_85_44.jpg, page_85_45.jpg, page_85_46.jpg, page_85_47.jpg, page_85_48.jpg, page_85_49.jpg, page_85_50.jpg, page_85_51.jpg, page_85_52.jpg, page_85_53.jpg, page_85_54.jpg, page_85_55.jpg, page_85_56.jpg, page_85_57.jpg, page_85_58.jpg, page_85_59.jpg, page_85_60.jpg"
86,72,"page_86_1.jpg, page_86_2.jpg, page_86_3.jpg, page_86_4.jpg, page_86_5.jpg, page_86_6.jpg, page_86_7.jpg, page_86_8.jpg, page_86_9.jpg, page_86_10.jpg, page_86_11.jpg, page_86_12.jpg, page_86_13.jpg, page_86_14.jpg, page_86_15.jpg, page_86_16.jpg, page_86_17.jpg, page_86_18.jpg, page_86_19.jpg, page_86_20.jpg, page_86_21.jpg, page_86_22.jpg, page_86_23.jpg, page_86_24.jpg, page_86_25.jpg, page_86_26.jpg, page_86_27.jpg, page_86_28.jpg, page_86_29.jpg, page_86_30.jpg, page_86_31.jpg, page_86_32.jpg, page_86_33.jpg, page_86_34.jpg, page_86_35.jpg, page_86_36.jpg, page_86_37.jpg, page_86_38.jpg, page_86_39.jpg, page_86_40.jpg, page_86_41.jpg, page_86_42.jpg, page_86_43.jpg, page_86_44.jpg, page_86_45.jpg, page_86_46.jpg, page_86_47.jpg, page_86_48.jpg, page_86_49.jpg, page_86_50.jpg, page_86_51.jpg, page_86_52.jpg, page_86_53.jpg, page_86_54.jpg, page_86_55.jpg, page_86_56.jpg, page_86_57.jpg, page_86_58.jpg, page_86_59.jpg, page_86_60.jpg, page_86_61.jpg, page_86_62.jpg, page_86_63.jpg, page_86_64.jpg, page_86_65.jpg, page_86_66.jpg, page_86_67.jpg, page_86_68.jpg, page_86_69.jpg, page_86_70.jpg, page_86_71.jpg, page_86_72.jpg"
87,5,"page_87_1.jpg, page_87_2.jpg, page_87_3.jpg, page_87_4.jpg, page_87_5.jpg"
88,21,"page_88_1.jpg, page_88_2.jpg, page_88_3.jpg, page_88_4.jpg, page_88_5.jpg, page_88_6.jpg, page_88_7.jpg, page_88_8.jpg, page_88_9.jpg, page_88_10.jpg, page_88_11.jpg, page_88_12.jpg, page_88_13.jpg, page_88_14.jpg, page_88_15.jpg, page_88_16.jpg, page_88_17.jpg, page_88_18.jpg, page_88_19.jpg, page_88_20.jpg, page_88_21.jpg"
89,21,"page_89_1.jpg, page_89_2.jpg, page_89_3.jpg, page_89_4.jpg, page_89_5.jpg, page_89_6.jpg, page_89_7.jpg, page_89_8.jpg, page_89_9.jpg, page_89_10.jpg, page_89_11.jpg, page_89_12.jpg, page_89_13.jpg, page_89_14.jpg, page_89_15.jpg, page_89_16.jpg, page_89_17.jpg, page_89_18.jpg, page_89_19.jpg, page_89_20.jpg, page_89_21.jpg"
90,20,"page_90_1.jpg, page_90_2.jpg, page_90_3.jpg, page_90_4.jpg, page_90_5.jpg, page_90_6.jpg, page_90_7.jpg, page_90_8.jpg, page_90_9.jpg, page_90_10.jpg, page_90_11.jpg, page_90_12.jpg, page_90_13.jpg, page_90_14.jpg, page_90_15.jpg, page_90_16.jpg, page_90_17.jpg, page_90_18.jpg, page_90_19.jpg, page_90_20.jpg"
91,18,"page_91_1.jpg, page_91_2.jpg, page_91_3.jpg, page_91_4.jpg, page_91_5.jpg, page_91_6.jpg, page_91_7.jpg, page_91_8.jpg, page_91_9.jpg, page_91_10.jpg, page_91_11.jpg, page_91_12.jpg, page_91_13.jpg, page_91_14.jpg, page_91_15.jpg, page_91_16.jpg, page_91_17.jpg, page_91_18.jpg"
92,15,"page_92_1.jpg, page_92_2.jpg, page_92_3.jpg, page_92_4.jpg, page_92_5.jpg, page_92_6.jpg, page_92_7.jpg, page_92_8.jpg, page_92_9.jpg, page_92_10.jpg, page_92_11.jpg, page_92_12.jpg, page_92_13.jpg, page_92_14.jpg, page_92_15.jpg"
93,35,"page_93_1.jpg, page_93_2.jpg, page_93_3.jpg, page_93_4.jpg, page_93_5.jpg, page_93_6.jpg, page_93_7.jpg, page_93_8.jpg, page_93_9.jpg, page_93_10.jpg, page_93_11.jpg, page_93_12.jpg, page_93_13.jpg, page_93_14.jpg, page_93_15.jpg, page_93_16.jpg, page_93_17.jpg, page_93_18.jpg, page_93_19.jpg, page_93_20.jpg, page_93_21.jpg, page_93_22.jpg, page_93_23.jpg, page_93_24.jpg, page_93_25.jpg, page_93_26.jpg, page_93_27.jpg, page_93_28.jpg, page_93_29.jpg, page_93_30.jpg, page_93_31.jpg, page_93_32.jpg, page_93_33.jpg, page_93_34.jpg, page_93_35.jpg"
94,32,"page_94_1.jpg, page_94_2.jpg, page_94_3.jpg, page_94_4.jpg, page_94_5.jpg, page_94_6.jpg, page_94_7.jpg, page_94_8.jpg, page_94_9.jpg, page_94_10.jpg, page_94_11.jpg, page_94_12.jpg, page_94_13.jpg, page_94_14.jpg, page_94_15.jpg, page_94_16.jpg, page_94_17.jpg, page_94_18.jpg, page_94_19.jpg, page_94_20.jpg, page_94_21.jpg, page_94_22.jpg, page_94_23.jpg, page_94_24.jpg, page_94_25.jpg, page_94_26.jpg, page_94_27.jpg, page_94_28.jpg, page_94_29.jpg, page_94_30.jpg, page_94_31.jpg, page_94_32.jpg"
95,19,"page_95_1.jpg, page_95_2.jpg, page_95_3.jpg, page_95_4.jpg, page_95_5.jpg, page_95_6.jpg, page_95_7.jpg, page_95_8.jpg, page_95_9.jpg, page_95_10.jpg, page_95_11.jpg, page_95_12.jpg, page_95_13.jpg, page_95_14.jpg, page_95_15.jpg, page_95_16.jpg, page_95_17.jpg, page_95_18.jpg, page_95_19.jpg"
96,28,"page_96_1.jpg, page_96_2.jpg, page_96_3.jpg, page_96_4.jpg, page_96_5.jpg, page_96_6.jpg, page_96_7.jpg, page_96_8.jpg, page_96_9.jpg, page_96_10.jpg, page_96_11.jpg, page_96_12.jpg, page_96_13.jpg, page_96_14.jpg, page_96_15.jpg, page_96_16.jpg, page_96_17.jpg, page_96_18.jpg, page_96_19.jpg, page_96_20.jpg, page_96_21.jpg, page_96_22.jpg, page_96_23.jpg, page_96_24.jpg, page_96_25.jpg, page_96_26.jpg, page_96_27.jpg, page_96_28.jpg"
97,20,"page_97_1.jpg, page_97_2.jpg, page_97_3.jpg, page_97_4.jpg, page_97_5.jpg, page_97_6.jpg, page_97_7.jpg, page_97_8.jpg, page_97_9.jpg, page_97_10.jpg, page_97_11.jpg, page_97_12.jpg, page_97_13.jpg, page_97_14.jpg, page_97_15.jpg, page_97_16.jpg, page_97_17.jpg, page_97_18.jpg, page_97_19.jpg, page_97_20.jpg"
98,8,"page_98_1.jpg, page_98_2.jpg, page_98_3.jpg, page_98_4.jpg, page_98_5.jpg, page_98_6.jpg, page_98_7.jpg, page_98_8.jpg"
99,30,"page_99_1.jpg, page_99_2.jpg, page_99_3.jpg, page_99_4.jpg, page_99_5.jpg, page_99_6.jpg, page_99_7.jpg, page_99_8.jpg, page_99_9.jpg, page_99_10.jpg, page_99_11.jpg, page_99_12.jpg, page_99_13.jpg, page_99_14.jpg, page_99_15.jpg, page_99_16.jpg, page_99_17.jpg, page_99_18.jpg, page_99_19.jpg, page_99_20.jpg, page_99_21.jpg, page_99_22.jpg, page_99_23.jpg, page_99_24.jpg, page_99_25.jpg, page_99_26.jpg, page_99_27.jpg, page_99_28.jpg, page_99_29.jpg, page_99_30.jpg"
100,9,"page_100_1.jpg, page_100_2.jpg, page_100_3.jpg, page_100_4.jpg, page_100_5.jpg, page_100_6.jpg, page_100_7.jpg, page_100_8.jpg, page_100_9.jpg"
